,ground_truth,prediction
0,4.480000019073486,3.7421345710754395
1,3.750000238418579,4.110116958618164
2,3.3600003719329834,3.5770344734191895
3,3.569999933242798,4.187823295593262
4,2.7699999809265137,8.706659317016602
5,6.239999771118164,10.299059867858887
6,13.669999122619629,7.354343414306641
7,12.300000190734863,15.749427795410156
8,12.550000190734863,15.53801441192627
9,16.430002212524414,8.622811317443848
10,4.720000267028809,4.879961967468262
11,6.2300004959106445,6.38797664642334
12,4.420000076293945,5.973259925842285
13,5.710000038146973,5.239684104919434
14,1.8299996852874756,2.590117931365967
15,1.6500002145767212,2.465468406677246
16,2.2300000190734863,3.48114013671875
17,3.1700003147125244,3.392577886581421
18,2.56000018119812,2.2741384506225586
19,1.6200000047683716,3.452064037322998
20,3.8500001430511475,3.783724784851074
21,2.9699997901916504,3.019798517227173
22,2.56000018119812,3.7773549556732178
23,2.429999828338623,4.371337890625
24,2.2700002193450928,2.775096893310547
25,1.9199998378753662,1.7662564516067505
26,2.6600000858306885,1.7654091119766235
27,2.049999952316284,2.2158727645874023
28,3.1200003623962402,3.029919385910034
29,2.679999828338623,4.456132888793945
30,3.370000123977661,7.3001556396484375
31,10.15000057220459,6.600985527038574
32,9.469999313354492,8.886709213256836
33,1.8900002241134644,7.456965446472168
34,1.8199999332427979,5.283452987670898
35,5.550000190734863,7.206172943115234
36,3.070000410079956,3.8132970333099365
37,5.140000343322754,5.866759300231934
38,3.049999952316284,4.720179557800293
39,2.500000476837158,3.405693531036377
40,1.8100000619888306,3.782467842102051
41,3.43999981880188,3.8269689083099365
42,3.080000162124634,6.194183349609375
43,3.3600003719329834,11.28632640838623
44,3.5199999809265137,9.662259101867676
45,10.390000343322754,10.182518005371094
46,14.799999237060547,14.052834510803223
47,3.0300002098083496,4.817937850952148
48,5.7699995040893555,6.21394157409668
49,1.6899996995925903,3.4731829166412354
50,2.9300003051757812,3.051866054534912
51,4.090000152587891,3.8134758472442627
52,8.850000381469727,4.809370994567871
53,4.819999694824219,7.464899063110352
54,2.5899996757507324,5.071642875671387
55,2.569999933242798,5.521873474121094
56,4.970000267028809,6.892804145812988
57,4.40000057220459,4.228333473205566
58,4.5,14.655000686645508
59,23.33100128173828,15.979649543762207
60,20.8700008392334,16.37649154663086
61,13.260000228881836,17.593538284301758
62,8.930000305175781,13.323335647583008
63,4.630000114440918,15.539305686950684
64,4.640000343322754,11.18354320526123
65,6.4900007247924805,17.230815887451172
66,2.869999885559082,12.637739181518555
67,6.0,5.810689926147461
68,10.269999504089355,6.899665832519531
69,6.840000152587891,14.531919479370117
70,3.500000238418579,14.36272144317627
71,8.449999809265137,14.964690208435059
72,4.550000190734863,5.205757141113281
73,4.850000381469727,5.447971343994141
74,4.329999923706055,3.0830445289611816
75,3.3600003719329834,2.3018860816955566
76,3.640000343322754,1.911138892173767
77,3.510000228881836,2.658165454864502
78,4.810000419616699,4.2636919021606445
79,5.840000152587891,7.342964172363281
80,5.160000801086426,6.67083740234375
81,4.079999923706055,7.600490570068359
82,18.500001907348633,10.541743278503418
83,5.640000343322754,6.097736358642578
84,3.679999828338623,6.943262100219727
85,3.5799999237060547,3.849591016769409
86,2.1500000953674316,4.381350994110107
87,4.550000190734863,5.517873764038086
88,4.299999713897705,3.8639438152313232
89,4.720000267028809,5.368884086608887
90,13.90999984741211,12.560093879699707
91,6.609999656677246,9.84688949584961
92,8.369999885559082,13.093738555908203
93,4.970000267028809,10.026531219482422
94,5.2300004959106445,5.461372375488281
95,2.940000295639038,4.764510154724121
96,3.330000162124634,5.780008316040039
97,2.9599997997283936,5.510436058044434
98,3.679999828338623,7.179038047790527
99,17.39000129699707,6.347700119018555
100,11.959999084472656,8.771523475646973
101,3.130000114440918,5.76541805267334
102,2.1999998092651367,4.125168800354004
103,2.7100000381469727,3.2663185596466064
104,2.679999828338623,3.431593418121338
105,2.370000123977661,2.861664056777954
106,2.679999828338623,4.031296730041504
107,2.9000000953674316,3.446052312850952
108,3.0300002098083496,2.6344358921051025
109,4.12000036239624,3.9549400806427
110,3.6100001335144043,4.327092170715332
111,3.4200000762939453,4.034818649291992
112,4.579999923706055,4.575639724731445
113,4.960000038146973,5.815281867980957
114,8.970000267028809,8.605602264404297
115,21.360002517700195,10.789941787719727
116,21.82000160217285,13.510902404785156
117,18.8700008392334,10.64371395111084
118,11.489999771118164,9.448285102844238
119,14.329999923706055,9.582113265991211
120,13.780000686645508,10.492888450622559
121,11.730000495910645,14.322717666625977
122,3.7200000286102295,7.132561683654785
123,2.429999828338623,3.43442702293396
124,3.130000114440918,5.039934158325195
125,2.859999895095825,5.102683067321777
126,5.640000343322754,6.084857940673828
127,2.819999933242798,3.6735143661499023
128,3.059999942779541,3.6939375400543213
129,3.049999952316284,3.9611618518829346
130,2.1200003623962402,2.8565268516540527
131,2.5899996757507324,3.498732328414917
132,2.6600000858306885,3.253476858139038
133,2.0399999618530273,3.783273696899414
134,2.2099997997283936,4.18991231918335
135,2.890000104904175,6.369428634643555
136,9.380000114440918,10.462455749511719
137,6.989999771118164,11.178339958190918
138,7.560000419616699,7.555353164672852
139,5.520000457763672,5.929476737976074
140,3.7900002002716064,4.514374256134033
141,3.5199999809265137,6.528807640075684
142,2.8000001907348633,4.886889457702637
143,5.010000228881836,6.381593704223633
144,10.0600004196167,14.31771469116211
145,6.65000057220459,10.90636920928955
146,8.519999504089355,6.407454490661621
147,11.630000114440918,11.351932525634766
148,8.210000038146973,10.213359832763672
149,10.100000381469727,8.792861938476562
150,10.75,6.267764091491699
151,4.800000190734863,5.926185607910156
152,7.340000152587891,4.223188400268555
153,2.4100003242492676,3.513608455657959
154,4.059999465942383,3.2250375747680664
155,2.9900002479553223,3.0973143577575684
156,3.080000162124634,5.845829963684082
157,2.0699996948242188,5.470154762268066
158,3.6600000858306885,4.68907356262207
159,5.529999732971191,4.613775253295898
160,2.9300003051757812,2.969444513320923
161,3.6500003337860107,4.225712299346924
162,2.5899996757507324,6.47728157043457
163,3.7699999809265137,5.395162582397461
164,4.070000648498535,3.594541549682617
165,3.6600000858306885,3.629122495651245
166,3.0400002002716064,3.5133659839630127
167,4.7400007247924805,3.932469129562378
168,3.9300003051757812,4.07366943359375
169,2.4700002670288086,2.8272035121917725
170,3.3399999141693115,2.4575960636138916
171,2.9599997997283936,3.312051773071289
172,2.690000295639038,2.716931104660034
173,3.669999837875366,3.634916067123413
174,3.6500003337860107,3.830571174621582
175,2.0900001525878906,2.375515937805176
176,2.6600000858306885,3.434058666229248
177,2.8500001430511475,3.9137978553771973
178,3.7299997806549072,3.2613613605499268
179,3.7699999809265137,3.5452544689178467
180,4.859999656677246,3.4175314903259277
181,1.6200000047683716,2.853898525238037
182,1.8600000143051147,2.57985782623291
183,2.700000286102295,2.540548801422119
184,2.1700003147125244,2.613477945327759
185,4.149999618530273,3.3200199604034424
186,3.700000286102295,3.1122117042541504
187,3.2700002193450928,3.243490695953369
188,3.4100003242492676,5.094900131225586
189,5.619999885559082,5.62714958190918
190,8.609999656677246,5.821010589599609
191,2.700000286102295,3.4109127521514893
192,3.510000228881836,5.330628395080566
193,3.5899996757507324,5.073862075805664
194,4.720000267028809,3.6992833614349365
195,3.2099997997283936,3.145838499069214
196,2.750000238418579,3.228537082672119
197,1.4600002765655518,3.01517915725708
198,4.34999942779541,3.108755588531494
199,2.569999933242798,3.1492435932159424
200,2.1999998092651367,2.933772325515747
201,2.4600002765655518,2.857614278793335
202,2.500000476837158,2.670586347579956
203,4.199999809265137,3.031569242477417
204,2.2599997520446777,2.8227667808532715
205,1.8299996852874756,2.848357677459717
206,2.7100000381469727,3.83614182472229
207,3.629999876022339,3.0961620807647705
208,3.9599997997283936,3.5735878944396973
209,3.0099997520446777,2.8979859352111816
210,2.629999876022339,2.803988218307495
211,2.2599997520446777,2.3358888626098633
212,2.429999828338623,3.402095317840576
213,3.5500001907348633,3.5468826293945312
214,2.4200000762939453,2.845564126968384
215,2.690000295639038,3.4315052032470703
216,8.510000228881836,4.275067329406738
217,7.189999580383301,5.785102844238281
218,4.949999809265137,7.73982048034668
219,9.279999732971191,10.866271018981934
220,7.810000419616699,5.252049446105957
221,2.109999656677246,3.2744007110595703
222,2.2599997520446777,2.8425817489624023
223,2.510000228881836,4.097781181335449
224,6.580000877380371,5.041858673095703
225,5.640000343322754,8.035618782043457
226,3.2700002193450928,12.617669105529785
227,3.5899996757507324,3.91433048248291
228,4.560000419616699,11.900670051574707
229,1.1300002336502075,5.706595420837402
230,3.7100000381469727,6.088925361633301
231,4.920000076293945,7.009805679321289
232,3.859999895095825,6.525172233581543
233,3.5899996757507324,5.0277910232543945
234,4.079999923706055,4.520936489105225
235,3.130000114440918,3.569735050201416
236,1.71999990940094,2.929015636444092
237,5.590000152587891,5.579196929931641
238,4.020000457763672,5.815713882446289
239,7.579999923706055,6.82440185546875
240,10.65999984741211,5.524852752685547
241,2.489999771118164,3.8214588165283203
242,2.5399997234344482,3.3367416858673096
243,3.9699997901916504,3.5063695907592773
244,4.329999923706055,4.75471305847168
245,14.390000343322754,10.039422035217285
246,23.33100128173828,11.509366035461426
247,23.33100128173828,17.065799713134766
248,4.140000343322754,4.807580947875977
249,3.0999999046325684,3.8828577995300293
250,4.329999923706055,7.59700870513916
251,2.9300003051757812,9.026525497436523
252,8.829999923706055,7.519807815551758
253,17.25,10.614412307739258
254,10.829999923706055,5.847712516784668
255,3.0400002002716064,3.840550661087036
256,4.949999809265137,4.260245323181152
257,2.320000171661377,3.036942958831787
258,3.370000123977661,3.7997493743896484
259,4.329999923706055,4.4048871994018555
260,3.809999942779541,4.62032413482666
261,2.5299999713897705,3.103632688522339
262,2.109999656677246,2.953035354614258
263,4.579999923706055,4.119045257568359
264,3.7100000381469727,6.9123430252075195
265,3.940000057220459,7.682278633117676
266,4.410000324249268,9.224427223205566
267,5.059999465942383,6.626799583435059
268,3.880000352859497,6.053293228149414
269,5.829999923706055,7.538199424743652
270,3.700000286102295,7.123900413513184
271,2.9099998474121094,5.96954345703125
272,2.3499999046325684,6.059055328369141
273,3.0300002098083496,6.8559722900390625
274,3.619999885559082,7.12535285949707
275,4.920000076293945,11.599958419799805
276,11.069999694824219,14.325475692749023
277,16.030000686645508,7.861467361450195
278,6.4900007247924805,3.176508665084839
279,2.6600000858306885,3.57916259765625
280,2.2899999618530273,3.391218900680542
281,2.9900002479553223,4.488945960998535
282,5.319999694824219,7.699016571044922
283,5.289999961853027,9.494474411010742
284,7.210000038146973,8.57814884185791
285,5.809999465942383,11.973433494567871
286,3.4100003242492676,13.945473670959473
287,14.289999961853027,14.178065299987793
288,8.119999885559082,8.366423606872559
289,4.12000036239624,6.442483901977539
290,2.7299997806549072,7.695677757263184
291,6.809999465942383,15.572429656982422
292,14.720001220703125,14.082032203674316
293,23.33100128173828,16.91890525817871
294,3.830000400543213,15.46436595916748
295,3.5199999809265137,7.384105682373047
296,6.870000839233398,9.48815631866455
297,2.9000000953674316,6.30797004699707
298,2.5299999713897705,4.826305389404297
299,2.629999876022339,3.1987671852111816
300,2.7200000286102295,5.000971794128418
301,4.920000076293945,7.05668830871582
302,7.109999656677246,4.371459007263184
303,3.7299997806549072,4.807501792907715
304,6.239999771118164,8.205670356750488
305,3.1999998092651367,4.73030948638916
306,4.9800004959106445,6.317658424377441
307,4.260000228881836,7.450186729431152
308,4.039999961853027,5.2653913497924805
309,2.750000238418579,3.2068092823028564
310,2.43999981880188,2.0934600830078125
311,3.059999942779541,2.6392128467559814
312,2.9099998474121094,3.450777769088745
313,4.430000305175781,3.0407943725585938
314,2.4600002765655518,3.122649908065796
315,1.3499997854232788,4.111063003540039
316,2.2899999618530273,8.793547630310059
317,3.299999713897705,4.819989204406738
318,8.619999885559082,4.930824279785156
319,5.789999961853027,11.942167282104492
320,3.130000114440918,6.816192626953125
321,4.159999847412109,6.3834428787231445
322,15.079999923706055,13.120622634887695
323,8.84000015258789,16.073652267456055
324,4.369999885559082,15.210683822631836
325,4.9800004959106445,16.388181686401367
326,3.3999996185302734,9.919774055480957
327,3.919999837875366,14.038238525390625
328,16.110000610351562,15.23414421081543
329,23.33100128173828,15.98776912689209
330,9.619999885559082,8.662971496582031
331,3.9800002574920654,7.423077583312988
332,4.130000114440918,7.202874183654785
333,4.0,6.818574905395508
334,4.050000190734863,6.164369583129883
335,8.070000648498535,6.918451309204102
336,7.800000190734863,6.619036674499512
337,11.640000343322754,8.997448921203613
338,16.040000915527344,9.708614349365234
339,13.529999732971191,11.51218032836914
340,4.340000152587891,15.280994415283203
341,4.65000057220459,14.07469367980957
342,5.560000419616699,16.095727920532227
343,14.080000877380371,14.892168998718262
344,3.7100000381469727,4.619721412658691
345,2.9300003051757812,6.644692420959473
346,2.3999996185302734,3.37614369392395
347,2.6700000762939453,3.695821762084961
348,3.3600003719329834,3.5406880378723145
349,2.679999828338623,4.455901145935059
350,4.569999694824219,13.553025245666504
351,18.400001525878906,13.2274808883667
352,20.170001983642578,14.393884658813477
353,8.170000076293945,13.488845825195312
354,5.310000419616699,8.282861709594727
355,2.299999713897705,4.77962589263916
356,2.8400001525878906,6.485119819641113
357,2.4100003242492676,7.137737274169922
358,2.5899996757507324,6.163449287414551
359,5.539999961853027,16.1149959564209
360,9.329999923706055,8.807501792907715
361,7.380000114440918,11.628816604614258
362,5.870000839233398,13.905906677246094
363,3.2700002193450928,5.280765533447266
364,3.1700003147125244,5.1222734451293945
365,3.0900001525878906,4.7893218994140625
366,3.0999999046325684,3.8951468467712402
367,2.3499999046325684,2.7680978775024414
368,3.240000009536743,4.3986711502075195
369,1.700000286102295,4.853656768798828
370,4.5,8.309409141540527
371,8.380000114440918,14.166277885437012
372,7.220000267028809,17.623153686523438
373,8.280000686645508,17.18583869934082
374,11.390000343322754,15.659517288208008
375,5.710000038146973,17.573062896728516
376,23.33100128173828,17.974853515625
377,14.770000457763672,18.043960571289062
378,13.720000267028809,14.890328407287598
379,14.450000762939453,14.060333251953125
380,15.069999694824219,15.24086856842041
381,20.68000030517578,12.291060447692871
382,3.7299997806549072,4.622062683105469
383,5.130000114440918,3.6515591144561768
384,5.130000114440918,6.472358703613281
385,3.8400001525878906,5.942995071411133
386,4.729999542236328,5.007525444030762
387,4.340000152587891,4.108856201171875
388,4.480000019073486,3.380642890930176
389,4.410000324249268,5.149325370788574
390,8.960000038146973,7.4248809814453125
391,8.59000015258789,9.719236373901367
392,3.629999876022339,5.692950248718262
393,11.170000076293945,12.497377395629883
394,5.109999656677246,16.25556182861328
395,6.310000419616699,15.646482467651367
396,7.920000076293945,14.958701133728027
397,8.149999618530273,16.14873695373535
398,16.630001068115234,13.598718643188477
399,19.3700008392334,15.54032039642334
400,13.640000343322754,9.548492431640625
401,5.270000457763672,7.7354326248168945
402,6.430000305175781,8.249438285827637
403,11.050000190734863,9.697623252868652
404,3.240000009536743,6.281715393066406
405,3.4600002765655518,5.820140838623047
406,2.429999828338623,4.243210792541504
407,2.4600002765655518,3.292989730834961
408,1.6699999570846558,1.8541187047958374
409,2.7100000381469727,4.043118476867676
410,1.589999794960022,3.394853115081787
411,2.3600003719329834,2.7811052799224854
412,3.5299999713897705,2.5429720878601074
413,3.8500001430511475,2.9313504695892334
414,3.629999876022339,3.7180733680725098
415,3.3999996185302734,3.173468589782715
416,5.170000076293945,5.379770278930664
417,8.020000457763672,3.885556697845459
418,4.510000228881836,3.282284736633301
419,6.420000076293945,4.987083435058594
420,5.989999771118164,5.143487930297852
421,3.809999942779541,4.982003211975098
422,2.8299996852874756,5.765848159790039
423,9.440000534057617,9.54125690460205
424,18.040000915527344,13.545952796936035
425,9.970000267028809,10.834978103637695
426,5.65000057220459,7.81777286529541
427,5.510000228881836,8.354228973388672
428,6.09999942779541,16.538455963134766
429,3.819999933242798,13.062511444091797
430,1.9800002574920654,4.092930793762207
431,1.9000000953674316,4.614005088806152
432,1.9500000476837158,4.457865238189697
433,2.510000228881836,3.648510694503784
434,3.249999761581421,2.9938931465148926
435,4.430000305175781,3.7580111026763916
436,12.529999732971191,12.362747192382812
437,4.230000019073486,18.708120346069336
438,5.920000076293945,10.256989479064941
439,6.609999656677246,7.924757957458496
440,6.010000228881836,16.022077560424805
441,23.33100128173828,14.71949291229248
442,4.059999465942383,5.955810546875
443,3.3600003719329834,7.065051078796387
444,5.970000267028809,5.516948699951172
445,4.780000686645508,3.9718737602233887
446,3.9300003051757812,7.039806365966797
447,7.600000381469727,9.72252082824707
448,3.9800002574920654,6.9939117431640625
449,3.1999998092651367,6.871722221374512
450,4.149999618530273,12.252290725708008
451,3.9000000953674316,14.435903549194336
452,12.5600004196167,17.260663986206055
453,20.90999984741211,17.667842864990234
454,2.9599997997283936,5.665820121765137
455,3.310000419616699,5.829510688781738
456,3.1200003623962402,5.407780647277832
457,3.109999895095825,5.696343421936035
458,3.489999771118164,4.946555137634277
459,2.9800002574920654,3.753953695297241
460,2.43999981880188,4.157262802124023
461,2.629999876022339,4.97591495513916
462,2.6000003814697266,6.735539436340332
463,10.59999942779541,7.912632942199707
464,4.810000419616699,13.083207130432129
465,3.510000228881836,8.932193756103516
466,3.56000018119812,5.62302303314209
467,4.109999656677246,7.457213401794434
468,2.429999828338623,5.219934463500977
469,3.3899998664855957,3.1660215854644775
470,2.5299999713897705,4.692495346069336
471,3.2799999713897705,4.832164764404297
472,3.3399999141693115,5.406023025512695
473,8.029999732971191,6.386070251464844
474,17.09000015258789,5.262639999389648
475,16.71000099182129,4.8666839599609375
476,12.960000038146973,8.937668800354004
477,4.949999809265137,7.527848243713379
478,4.239999771118164,9.95559310913086
479,3.1499998569488525,5.228458404541016
480,3.380000114440918,10.64085865020752
481,3.9000000953674316,7.63948917388916
482,3.2099997997283936,6.503423690795898
483,3.3499996662139893,5.246699333190918
484,5.199999809265137,6.097588539123535
485,10.179999351501465,9.89925765991211
486,13.890000343322754,4.569269180297852
487,5.539999961853027,4.99455451965332
488,3.919999837875366,3.27132248878479
489,2.7100000381469727,4.497320175170898
490,4.410000324249268,5.033994674682617
491,4.890000343322754,5.3409576416015625
492,3.510000228881836,4.517303466796875
493,3.6000003814697266,3.71392560005188
494,3.43999981880188,3.0965840816497803
495,3.7400002479553223,3.964353561401367
496,7.25,5.140466690063477
497,3.6500003337860107,4.9863176345825195
498,4.140000343322754,7.5318403244018555
499,6.2599992752075195,8.460592269897461
500,7.260000228881836,7.444314002990723
501,7.079999923706055,5.655963897705078
502,2.4200000762939453,5.314019203186035
503,2.940000295639038,6.4899091720581055
504,7.279999732971191,4.111393451690674
505,3.489999771118164,5.160021781921387
506,7.589999198913574,5.760970115661621
507,3.2899999618530273,6.895394325256348
508,4.0,3.811030149459839
509,3.5899996757507324,2.880145788192749
510,1.790000319480896,1.9678946733474731
511,0.7100000977516174,1.361684799194336
512,3.0400002002716064,2.327287435531616
513,2.7299997806549072,3.2751612663269043
514,3.2799999713897705,4.034465789794922
515,4.180000305175781,4.433321475982666
516,5.529999732971191,5.082023620605469
517,4.470000267028809,4.606088638305664
518,3.2799999713897705,5.1480560302734375
519,5.470000267028809,7.662636756896973
520,6.070000648498535,6.326888084411621
521,5.680000305175781,5.275699615478516
522,3.510000228881836,5.333211898803711
523,4.940000534057617,6.534638404846191
524,3.43999981880188,8.75388240814209
525,4.710000038146973,10.147771835327148
526,10.239999771118164,13.058040618896484
527,11.279999732971191,9.439329147338867
528,2.7799997329711914,3.6181674003601074
529,3.130000114440918,3.435063123703003
530,3.890000104904175,3.351714849472046
531,3.9900002479553223,4.755132675170898
532,4.75,5.795513153076172
533,3.7299997806549072,3.4883675575256348
534,1.0499999523162842,3.1326794624328613
535,2.8500001430511475,4.71891975402832
536,4.25,3.720442295074463
537,3.2300000190734863,3.2618696689605713
538,2.6000003814697266,3.417314052581787
539,2.8500001430511475,3.995779514312744
540,2.8500001430511475,4.74205207824707
541,4.039999961853027,7.018963813781738
542,4.869999885559082,4.143123149871826
543,2.6600000858306885,3.504485845565796
544,3.619999885559082,4.421098709106445
545,3.0099997520446777,3.3463902473449707
546,2.25,2.6378660202026367
547,2.0399999618530273,3.108586311340332
548,7.780000686645508,3.465022563934326
549,2.890000104904175,3.0474605560302734
550,3.7200000286102295,3.4429218769073486
551,3.049999952316284,4.104990005493164
552,3.950000047683716,4.04634952545166
553,3.940000057220459,5.704981803894043
554,6.140000343322754,6.196476936340332
555,1.8900002241134644,2.4508886337280273
556,3.3999996185302734,2.7190914154052734
557,3.56000018119812,2.528078079223633
558,3.4600002765655518,3.213351249694824
559,3.3600003719329834,3.770430088043213
560,3.7299997806549072,5.132508277893066
561,6.580000877380371,3.6092681884765625
562,3.180000066757202,2.931426763534546
563,3.450000286102295,3.4388949871063232
564,3.9000000953674316,2.416294574737549
565,2.4100003242492676,1.729300618171692
566,2.700000286102295,2.339378833770752
567,2.6399996280670166,3.057509422302246
568,4.180000305175781,2.773669958114624
569,2.3999996185302734,3.321622133255005
570,2.0300002098083496,2.5065999031066895
571,2.0099997520446777,2.7247233390808105
572,2.2700002193450928,2.372375965118408
573,2.5399997234344482,3.1683177947998047
574,2.690000295639038,3.107999324798584
575,1.3999998569488525,3.3257830142974854
576,2.4100003242492676,2.9690680503845215
577,3.679999828338623,3.626528263092041
578,2.109999656677246,2.3958797454833984
579,2.5299999713897705,2.693833589553833
580,5.75,4.298662185668945
581,2.049999952316284,3.3499209880828857
582,3.080000162124634,2.580684185028076
583,2.429999828338623,2.652092456817627
584,1.8000001907348633,2.184220790863037
585,3.330000162124634,2.2018325328826904
586,2.6700000762939453,2.7825961112976074
587,6.279999732971191,5.109641075134277
588,12.550000190734863,6.7418012619018555
589,8.670000076293945,5.916837692260742
590,3.059999942779541,2.986161470413208
591,3.2200002670288086,5.120806694030762
592,3.0099997520446777,6.440756797790527
593,5.070000648498535,7.013004302978516
594,4.829999923706055,9.253030776977539
595,3.380000114440918,5.326545715332031
596,4.009999752044678,4.393257141113281
597,3.700000286102295,4.046422958374023
598,3.049999952316284,5.250052452087402
599,4.199999809265137,5.720745086669922
600,6.290000915527344,3.546165704727173
601,3.489999771118164,3.165534496307373
602,2.2099997997283936,3.3965165615081787
603,4.03000020980835,4.35174560546875
604,2.809999942779541,3.4338536262512207
605,2.0699996948242188,1.8717340230941772
606,2.1599998474121094,1.918992042541504
607,2.109999656677246,2.652981996536255
608,1.4100003242492676,1.7357832193374634
609,2.2899999618530273,2.0866475105285645
610,1.359999656677246,1.4035550355911255
611,2.130000114440918,1.975902795791626
612,2.25,3.153095245361328
613,2.5899996757507324,4.671265602111816
614,2.3399999141693115,5.406747817993164
615,2.7299997806549072,5.349696159362793
616,5.479999542236328,6.546072959899902
617,5.170000076293945,4.619192123413086
618,3.0300002098083496,3.424260139465332
619,4.170000076293945,4.135091781616211
620,5.529999732971191,4.265692710876465
621,15.819999694824219,9.824453353881836
622,23.150001525878906,16.80449104309082
623,17.410001754760742,19.57440185546875
624,15.610000610351562,17.045137405395508
625,4.949999809265137,3.7384495735168457
626,5.560000419616699,4.5145134925842285
627,3.070000410079956,3.5657095909118652
628,3.6600000858306885,3.431623935699463
629,3.0900001525878906,4.014474391937256
630,2.6600000858306885,3.989544153213501
631,1.5600001811981201,3.5367701053619385
632,2.080000400543213,2.7828407287597656
633,2.9000000953674316,4.213527202606201
634,2.4600002765655518,3.6078860759735107
635,2.880000352859497,5.929841041564941
636,4.450000286102295,6.526817321777344
637,2.500000476837158,3.478235960006714
638,1.7399996519088745,2.9115383625030518
639,2.9000000953674316,4.636467933654785
640,3.2700002193450928,5.146562576293945
641,4.7400007247924805,6.475912094116211
642,11.75,11.696340560913086
643,11.420000076293945,7.383814811706543
644,2.320000171661377,4.285015106201172
645,5.109999656677246,13.565014839172363
646,10.269999504089355,10.662773132324219
647,5.420000076293945,2.7619998455047607
648,2.9000000953674316,2.424872398376465
649,1.6399997472763062,2.525827646255493
650,3.7699999809265137,4.641380310058594
651,3.1200003623962402,4.908443450927734
652,3.640000343322754,5.583273887634277
653,4.090000152587891,8.002837181091309
654,4.5,8.684706687927246
655,5.840000152587891,6.627584457397461
656,2.6000003814697266,4.38668155670166
657,3.9699997901916504,8.056983947753906
658,4.270000457763672,7.659843444824219
659,6.039999961853027,8.348134994506836
660,2.8000001907348633,13.870203018188477
661,5.940000534057617,11.683456420898438
662,4.270000457763672,6.037845611572266
663,2.679999828338623,3.6640560626983643
664,4.670000076293945,6.349268913269043
665,3.7799997329711914,3.597919464111328
666,4.510000228881836,5.923174858093262
667,3.7100000381469727,7.278278350830078
668,2.7200000286102295,4.073101043701172
669,3.679999828338623,3.980837345123291
670,3.070000410079956,4.726543426513672
671,3.7100000381469727,5.178338050842285
672,3.4700000286102295,5.339353561401367
673,4.710000038146973,8.032886505126953
674,2.4200000762939453,6.28878116607666
675,2.9000000953674316,10.729534149169922
676,2.679999828338623,6.263851165771484
677,3.2700002193450928,6.234433174133301
678,3.249999761581421,4.345560073852539
679,2.6500003337860107,4.536020278930664
680,1.359999656677246,4.372540473937988
681,1.9000000953674316,2.5439560413360596
682,3.1599998474121094,6.646984100341797
683,2.500000476837158,4.694799423217773
684,2.510000228881836,3.5905399322509766
685,2.320000171661377,2.563872814178467
686,3.0900001525878906,4.332039833068848
687,2.5899996757507324,4.984123229980469
688,2.700000286102295,4.018202304840088
689,2.919999837875366,5.094424247741699
690,5.079999923706055,8.027085304260254
691,3.5899996757507324,6.080356597900391
692,2.3299999237060547,6.784905433654785
693,3.249999761581421,7.016181945800781
694,2.629999876022339,3.807051420211792
695,2.0999999046325684,2.7547481060028076
696,2.049999952316284,2.4224462509155273
697,2.4800000190734863,4.27620792388916
698,2.0099997520446777,2.8644216060638428
699,5.260000228881836,3.824558734893799
700,5.439999580383301,5.842535018920898
701,3.2200002670288086,2.802783489227295
702,2.9300003051757812,3.077582597732544
703,3.109999895095825,3.853844165802002
704,4.310000419616699,4.581855773925781
705,3.380000114440918,5.597272872924805
706,6.119999885559082,9.626888275146484
707,7.820000648498535,15.82585620880127
708,4.619999885559082,10.119105339050293
709,3.7799997329711914,7.055051803588867
710,8.34000015258789,10.319302558898926
711,3.7900002002716064,5.567328453063965
712,2.9900002479553223,3.2135426998138428
713,1.8000001907348633,3.5278069972991943
714,2.8299996852874756,2.30584979057312
715,2.9099998474121094,2.4671850204467773
716,2.819999933242798,5.565769195556641
717,4.590000152587891,3.666830539703369
718,2.500000476837158,2.3121938705444336
719,2.3299999237060547,2.091184616088867
720,2.109999656677246,2.8653783798217773
721,2.370000123977661,3.1387951374053955
722,2.5199999809265137,3.116769790649414
723,2.310000419616699,3.3430964946746826
724,3.9900002479553223,4.900016784667969
725,3.2799999713897705,7.1764068603515625
726,2.890000104904175,3.9010214805603027
727,5.699999809265137,13.453612327575684
728,18.89000129699707,16.707897186279297
729,9.020000457763672,9.29454517364502
730,4.640000343322754,12.26386833190918
731,8.850000381469727,12.183184623718262
732,16.280000686645508,16.36759376525879
733,18.330001831054688,14.585192680358887
734,2.4100003242492676,2.929354190826416
735,3.240000009536743,2.8351798057556152
736,2.5399997234344482,2.9438319206237793
737,2.4600002765655518,2.7996575832366943
738,3.450000286102295,4.069759368896484
739,4.450000286102295,5.576516151428223
740,2.569999933242798,6.02876091003418
741,4.850000381469727,5.162482261657715
742,2.750000238418579,3.9318459033966064
743,2.240000009536743,3.168830156326294
744,3.5899996757507324,3.8704428672790527
745,6.550000190734863,8.039729118347168
746,4.099999904632568,5.55776309967041
747,3.690000295639038,5.233017921447754
748,2.2200002670288086,4.4275102615356445
749,3.1999998092651367,8.347864151000977
750,2.6100001335144043,2.6474554538726807
751,2.9000000953674316,3.640594244003296
752,4.510000228881836,5.3422746658325195
753,4.949999809265137,7.828243255615234
754,3.0199997425079346,5.513030052185059
755,3.880000352859497,10.257684707641602
756,5.130000114440918,13.522920608520508
757,4.340000152587891,6.400585174560547
758,3.7400002479553223,5.973448753356934
759,2.9599997997283936,3.5344228744506836
760,2.5299999713897705,3.5155811309814453
761,1.959999918937683,2.2955985069274902
762,3.2799999713897705,3.5651509761810303
763,3.7100000381469727,3.0594568252563477
764,4.869999885559082,3.794166326522827
765,3.430000066757202,3.7362112998962402
766,3.919999837875366,5.274365425109863
767,5.819999694824219,8.344343185424805
768,8.239999771118164,6.244748115539551
769,4.690000534057617,7.317373275756836
770,4.090000152587891,5.958371162414551
771,4.279999732971191,14.37928581237793
772,10.359999656677246,15.197443962097168
773,12.789999961853027,15.851447105407715
774,10.280000686645508,14.177806854248047
775,5.270000457763672,6.643787384033203
776,3.9099998474121094,5.331181526184082
777,2.3600003719329834,4.6016950607299805
778,4.140000343322754,8.092490196228027
779,4.640000343322754,9.033437728881836
780,5.220000267028809,6.835094451904297
781,15.929999351501465,8.079079627990723
782,15.690000534057617,6.069496154785156
783,8.75,6.456611633300781
784,7.699999809265137,6.994823455810547
785,9.920000076293945,9.801624298095703
786,5.510000228881836,3.3851969242095947
787,7.739999771118164,5.877283096313477
788,2.7799997329711914,4.929965972900391
789,9.0600004196167,7.104605674743652
790,3.569999933242798,5.565958023071289
791,6.729999542236328,7.324178695678711
792,12.770000457763672,6.16807746887207
793,12.940000534057617,5.2541961669921875
794,11.480000495910645,6.2109880447387695
795,4.600000381469727,7.762454032897949
796,3.8500001430511475,7.850940704345703
797,2.890000104904175,7.579930305480957
798,3.1999998092651367,6.960363388061523
799,4.940000534057617,15.418490409851074
800,5.970000267028809,5.6388139724731445
801,2.5799999237060547,4.0243682861328125
802,3.9099998474121094,8.084821701049805
803,3.240000009536743,12.961700439453125
804,4.940000534057617,7.87775993347168
805,4.729999542236328,3.616713047027588
806,4.12000036239624,4.847477912902832
807,8.369999885559082,4.132150173187256
808,8.760000228881836,5.800483703613281
809,8.609999656677246,6.748682975769043
810,5.7400007247924805,8.658828735351562
811,4.320000171661377,3.5128180980682373
812,3.859999895095825,3.323150396347046
813,4.829999923706055,3.5282609462738037
814,3.4100003242492676,4.243399620056152
815,12.190000534057617,7.318202972412109
816,5.690000534057617,13.683682441711426
817,6.329999923706055,14.40858268737793
818,8.860000610351562,9.241443634033203
819,11.220000267028809,10.01175594329834
820,19.530000686645508,15.557991027832031
821,13.329999923706055,16.14757537841797
822,13.640000343322754,16.506532669067383
823,16.720001220703125,17.564966201782227
824,22.330001831054688,13.092278480529785
825,5.569999694824219,5.208935737609863
826,5.329999923706055,4.947173118591309
827,7.800000190734863,8.182550430297852
828,14.380000114440918,16.8507022857666
829,6.300000190734863,16.007707595825195
830,12.949999809265137,17.363788604736328
831,14.380000114440918,14.84939956665039
832,3.1200003623962402,3.5104641914367676
833,2.700000286102295,3.5779600143432617
834,3.56000018119812,3.4664101600646973
835,3.3399999141693115,3.4186201095581055
836,4.149999618530273,4.384958267211914
837,2.9300003051757812,4.442539215087891
838,2.489999771118164,3.28470516204834
839,1.9900001287460327,3.3000752925872803
840,3.629999876022339,2.955078125
841,1.909999966621399,2.11466121673584
842,4.130000114440918,5.443136215209961
843,5.119999885559082,8.185684204101562
844,5.619999885559082,13.722270011901855
845,13.500000953674316,15.2323579788208
846,19.200000762939453,16.56663703918457
847,16.810001373291016,11.04789924621582
848,4.550000190734863,5.076299667358398
849,4.210000038146973,5.04482364654541
850,5.640000343322754,5.494254112243652
851,4.699999809265137,6.229335784912109
852,5.210000038146973,5.755771636962891
853,4.109999656677246,4.11372184753418
854,5.2300004959106445,6.680120468139648
855,2.0900001525878906,5.079599380493164
856,2.4700002670288086,4.403714656829834
857,6.0,6.283511161804199
858,10.010000228881836,9.147361755371094
859,12.59000015258789,8.334622383117676
860,13.9399995803833,13.864253044128418
861,9.669999122619629,10.403444290161133
862,5.989999771118164,7.992387771606445
863,6.090000152587891,11.039560317993164
864,6.670001029968262,10.614816665649414
865,7.820000648498535,15.25110912322998
866,6.310000419616699,14.183478355407715
867,6.390000343322754,13.42823600769043
868,6.840000152587891,13.476286888122559
869,9.789999961853027,10.324134826660156
870,17.89000129699707,12.169595718383789
871,11.880000114440918,9.07912826538086
872,14.220000267028809,6.170432090759277
873,6.300000190734863,7.820662498474121
874,5.930000305175781,9.744736671447754
875,3.249999761581421,5.984406471252441
876,4.550000190734863,5.798867225646973
877,4.670000076293945,10.066256523132324
878,2.759999990463257,9.342813491821289
879,5.800000190734863,7.446357727050781
880,10.449999809265137,6.953618049621582
881,4.519999980926514,6.182156562805176
882,5.300000190734863,6.106235504150391
883,4.460000038146973,7.022324562072754
884,3.380000114440918,3.529484748840332
885,3.9099998474121094,4.116852760314941
886,3.6000003814697266,3.2001452445983887
887,3.640000343322754,3.9638705253601074
888,4.279999732971191,4.433135986328125
889,4.299999713897705,4.988457679748535
890,3.1499998569488525,4.064371109008789
891,3.330000162124634,3.4137825965881348
892,3.370000123977661,4.191167831420898
893,2.320000171661377,5.028369903564453
894,3.070000410079956,5.021282196044922
895,5.760000228881836,7.364967346191406
896,7.330000877380371,7.386699676513672
897,4.5,5.238751411437988
898,3.4200000762939453,6.271615028381348
899,5.380000114440918,5.1743879318237305
900,2.7699999809265137,5.243705749511719
901,4.070000648498535,7.302122116088867
902,4.989999771118164,5.312334060668945
903,4.7400007247924805,5.053764343261719
904,2.049999952316284,6.710275650024414
905,7.620000839233398,9.912153244018555
906,2.3600003719329834,7.693269729614258
907,5.050000190734863,6.869951248168945
908,3.700000286102295,7.282004356384277
909,2.9900002479553223,5.29412841796875
910,2.1599998474121094,3.6444363594055176
911,2.310000419616699,4.731403350830078
912,6.420000076293945,5.977381706237793
913,5.09999942779541,5.746023178100586
914,3.7400002479553223,5.0064897537231445
915,3.679999828338623,5.052639961242676
916,4.310000419616699,4.39661979675293
917,3.5399997234344482,3.0025012493133545
918,3.7200000286102295,3.771838665008545
919,4.149999618530273,4.784371376037598
920,3.430000066757202,4.808846473693848
921,3.109999895095825,5.335057258605957
922,4.090000152587891,3.9801530838012695
923,4.270000457763672,4.823830604553223
924,3.0,3.782156467437744
925,3.809999942779541,4.377071857452393
926,13.449999809265137,7.619332313537598
927,10.699999809265137,4.91966438293457
928,3.320000171661377,2.449449300765991
929,2.059999942779541,2.5133678913116455
930,2.7100000381469727,3.5001485347747803
931,3.0999999046325684,3.4202747344970703
932,4.270000457763672,4.319649696350098
933,3.489999771118164,4.984113693237305
934,3.4600002765655518,5.758447647094727
935,2.3299999237060547,3.888038396835327
936,5.409999847412109,4.2088165283203125
937,6.930000305175781,4.946948051452637
938,4.0,5.285221099853516
939,3.1499998569488525,2.565218210220337
940,2.510000228881836,2.9794864654541016
941,2.510000228881836,2.198657989501953
942,2.370000123977661,3.149050712585449
943,1.8000001907348633,3.1128199100494385
944,1.4800000190734863,3.6654839515686035
945,3.190000057220459,3.377078056335449
946,2.489999771118164,3.0666842460632324
947,3.180000066757202,2.766108274459839
948,2.4600002765655518,3.088630199432373
949,3.9300003051757812,3.2699472904205322
950,1.71999990940094,3.7774133682250977
951,4.389999866485596,3.838259220123291
952,4.600000381469727,4.095998287200928
953,2.1700003147125244,3.8213438987731934
954,2.5199999809265137,2.3612818717956543
955,1.6299998760223389,2.1290788650512695
956,1.9500000476837158,2.370117664337158
957,2.880000352859497,2.274087429046631
958,2.7400002479553223,3.5446414947509766
959,3.7900002002716064,5.694977760314941
960,3.070000410079956,4.361898899078369
961,3.0400002002716064,4.883963584899902
962,11.0600004196167,6.003622055053711
963,15.320000648498535,7.638545989990234
964,11.869999885559082,8.851259231567383
965,3.7900002002716064,9.53000545501709
966,1.5700000524520874,8.481912612915039
967,3.450000286102295,5.663695335388184
968,2.679999828338623,3.935244083404541
969,2.0099997520446777,2.5632259845733643
970,2.5500004291534424,3.1476004123687744
971,2.489999771118164,3.120069742202759
972,2.6000003814697266,3.104732036590576
973,2.3299999237060547,3.456820011138916
974,3.080000162124634,3.8597757816314697
975,2.859999895095825,5.2157745361328125
976,2.4800000190734863,3.084317922592163
977,2.380000114440918,3.353349208831787
978,3.450000286102295,3.674957752227783
979,4.670000076293945,4.65852165222168
980,4.75,4.017190456390381
981,3.1599998474121094,3.7252085208892822
982,2.1999998092651367,3.0682179927825928
983,1.380000114440918,1.3916049003601074
984,2.809999942779541,2.4180104732513428
985,2.880000352859497,3.4695794582366943
986,2.2899999618530273,4.6774749755859375
987,3.859999895095825,7.144306182861328
988,3.809999942779541,7.114931106567383
989,4.009999752044678,9.449275970458984
990,3.059999942779541,4.538247108459473
991,6.050000190734863,6.098423004150391
992,3.1499998569488525,6.1340436935424805
993,3.059999942779541,3.9246225357055664
994,2.700000286102295,3.880408763885498
995,3.130000114440918,5.21083927154541
996,3.510000228881836,6.314183235168457
997,2.3399999141693115,11.457568168640137
998,2.619999885559082,6.893638610839844
999,2.869999885559082,4.708132743835449
1000,3.7400002479553223,4.230475425720215
1001,4.12000036239624,6.62299919128418
1002,18.310001373291016,16.74835968017578
1003,16.73000144958496,5.488197326660156
1004,2.6000003814697266,3.4850406646728516
1005,1.6600000858306885,4.661952018737793
1006,2.0,3.6428842544555664
1007,3.700000286102295,6.950878143310547
1008,7.090000152587891,11.255958557128906
1009,4.489999771118164,6.901209831237793
1010,5.4900007247924805,7.488248825073242
1011,18.950000762939453,9.616910934448242
1012,6.5,16.513973236083984
1013,4.310000419616699,12.898004531860352
1014,3.430000066757202,5.911418914794922
1015,3.940000057220459,5.412178993225098
1016,3.679999828338623,7.223040580749512
1017,2.880000352859497,7.313937187194824
1018,2.0300002098083496,3.16914963722229
1019,2.619999885559082,3.7343671321868896
1020,2.1599998474121094,3.228285789489746
1021,4.059999465942383,4.414051532745361
1022,2.6600000858306885,5.346373558044434
1023,9.25,6.416160583496094
1024,6.070000648498535,5.217301368713379
1025,3.500000238418579,6.273037910461426
1026,4.149999618530273,3.9452826976776123
1027,5.560000419616699,7.6579179763793945
1028,22.860000610351562,13.888605117797852
1029,16.610002517700195,7.013477325439453
1030,3.0,2.254570484161377
1031,4.7400007247924805,3.5982518196105957
1032,7.0199995040893555,3.2625057697296143
1033,2.750000238418579,2.6727797985076904
1034,4.039999961853027,2.4116883277893066
1035,3.2899999618530273,2.8045387268066406
1036,2.5199999809265137,3.189483642578125
1037,4.470000267028809,4.5052876472473145
1038,11.670000076293945,11.928102493286133
1039,22.030000686645508,16.97848892211914
1040,14.09000015258789,15.497539520263672
1041,11.069999694824219,11.600631713867188
1042,6.25,6.37346076965332
1043,3.0099997520446777,8.012985229492188
1044,14.609999656677246,14.701362609863281
1045,16.930002212524414,16.89048957824707
1046,15.670001029968262,15.635483741760254
1047,13.289999961853027,15.970654487609863
1048,6.119999885559082,13.914762496948242
1049,5.569999694824219,13.178439140319824
1050,7.25,6.667620658874512
1051,3.5199999809265137,3.621433734893799
1052,1.8600000143051147,1.9130877256393433
1053,3.180000066757202,2.9881205558776855
1054,3.4100003242492676,2.8592612743377686
1055,1.5399998426437378,2.2574827671051025
1056,2.7299997806549072,2.8605566024780273
1057,5.5,7.64161491394043
1058,4.550000190734863,5.308294296264648
1059,4.279999732971191,4.2860212326049805
1060,2.0999999046325684,2.165310859680176
1061,1.6200000047683716,2.482539176940918
1062,2.7200000286102295,2.19517183303833
1063,3.080000162124634,5.31702995300293
1064,9.0600004196167,8.707321166992188
1065,11.269999504089355,8.775640487670898
1066,12.029999732971191,7.974491119384766
1067,10.979999542236328,14.240224838256836
1068,8.220000267028809,4.392014503479004
1069,4.090000152587891,3.6824772357940674
1070,7.450000762939453,4.585851669311523
1071,3.6000003814697266,3.0825090408325195
1072,4.109999656677246,3.3653392791748047
1073,2.3899998664855957,3.1601967811584473
1074,3.759999990463257,2.0979838371276855
1075,3.950000047683716,3.489337921142578
1076,2.919999837875366,3.956080436706543
1077,5.4900007247924805,7.338592529296875
1078,18.40999984741211,10.60487174987793
1079,10.819999694824219,14.874983787536621
1080,8.960000038146973,16.30788230895996
1081,7.060000419616699,14.681835174560547
1082,2.5799999237060547,6.04219913482666
1083,4.34999942779541,6.5936737060546875
1084,5.949999809265137,6.333741188049316
1085,3.679999828338623,7.083916664123535
1086,3.249999761581421,13.681827545166016
1087,13.34000015258789,18.161705017089844
1088,9.550000190734863,17.582763671875
1089,9.510000228881836,16.0273380279541
1090,7.589999198913574,14.743972778320312
1091,3.260000467300415,7.401889801025391
1092,3.190000057220459,4.964357376098633
1093,2.940000295639038,6.078147888183594
1094,5.899999618530273,14.28130054473877
1095,4.289999961853027,7.1161088943481445
1096,2.919999837875366,4.8539228439331055
1097,2.869999885559082,3.926224946975708
1098,2.9000000953674316,5.260157585144043
1099,3.0400002002716064,4.5846052169799805
1100,2.4200000762939453,3.9320619106292725
1101,2.2300000190734863,5.102869987487793
1102,7.7300004959106445,6.7276611328125
1103,8.220000267028809,6.3737287521362305
1104,11.640000343322754,15.27721881866455
1105,7.220000267028809,13.294439315795898
1106,3.140000104904175,4.864178657531738
1107,6.770000457763672,7.292364120483398
1108,4.960000038146973,12.402483940124512
1109,3.819999933242798,8.317314147949219
1110,2.190000057220459,3.0613324642181396
1111,2.9699997901916504,2.406909942626953
1112,3.109999895095825,4.501412391662598
1113,3.1200003623962402,5.451546669006348
1114,4.550000190734863,5.450353622436523
1115,5.300000190734863,8.572487831115723
1116,4.140000343322754,8.143508911132812
1117,3.2200002670288086,6.653023719787598
1118,3.4200000762939453,5.733852386474609
1119,2.3999996185302734,5.024053573608398
1120,5.409999847412109,5.827195167541504
1121,6.020000457763672,5.568941116333008
1122,4.640000343322754,2.7996318340301514
1123,1.9000000953674316,2.3452935218811035
1124,2.1200003623962402,2.638136386871338
1125,3.1999998092651367,2.85481858253479
1126,4.920000076293945,6.468841552734375
1127,4.9800004959106445,6.973360061645508
1128,5.789999961853027,6.579461097717285
1129,10.139999389648438,11.018671989440918
1130,13.9399995803833,13.147238731384277
1131,7.180000305175781,8.433573722839355
1132,7.659999847412109,7.616812705993652
1133,3.070000410079956,4.486499786376953
1134,2.809999942779541,4.4709696769714355
1135,3.5199999809265137,4.542794227600098
1136,6.580000877380371,8.527188301086426
1137,13.960000991821289,17.641979217529297
1138,18.35000228881836,18.978084564208984
1139,17.630001068115234,16.012521743774414
1140,17.020002365112305,17.79789161682129
1141,22.040000915527344,18.301002502441406
1142,23.33100128173828,19.137630462646484
1143,18.610000610351562,11.498605728149414
1144,22.880001068115234,11.30799674987793
1145,6.840000152587891,4.156329154968262
1146,2.5399997234344482,2.453390598297119
1147,2.950000047683716,2.7366631031036377
1148,3.2799999713897705,3.30195689201355
1149,1.7299997806549072,3.0873281955718994
1150,2.1500000953674316,2.882509231567383
1151,3.140000104904175,4.2095465660095215
1152,3.049999952316284,3.632418155670166
1153,3.450000286102295,1.9748080968856812
1154,3.43999981880188,3.5011868476867676
1155,2.320000171661377,2.5771777629852295
1156,2.6100001335144043,3.5630838871002197
1157,2.130000114440918,2.880478858947754
1158,2.3299999237060547,3.78354811668396
1159,1.8000001907348633,2.6544415950775146
1160,2.5199999809265137,2.628840684890747
1161,3.9599997997283936,5.510692596435547
1162,7.180000305175781,11.589972496032715
1163,5.199999809265137,8.652657508850098
1164,5.25,11.888710975646973
1165,9.0600004196167,9.815420150756836
1166,3.750000238418579,8.059449195861816
1167,3.8400001525878906,8.295912742614746
1168,3.0999999046325684,5.54215145111084
1169,3.6500003337860107,11.282520294189453
1170,5.350000381469727,13.936312675476074
1171,8.84000015258789,17.85913848876953
1172,7.9800004959106445,16.97478485107422
1173,8.020000457763672,16.29452133178711
1174,3.450000286102295,10.429465293884277
1175,7.180000305175781,10.876781463623047
1176,4.489999771118164,7.238897323608398
1177,4.840000152587891,5.562870979309082
1178,8.800000190734863,3.8258118629455566
1179,10.739999771118164,5.964413642883301
1180,11.440000534057617,16.307321548461914
1181,21.950002670288086,16.606367111206055
1182,19.610000610351562,13.810262680053711
1183,5.809999465942383,11.24476432800293
1184,3.4600002765655518,5.388294219970703
1185,9.970000267028809,6.099414825439453
1186,11.0600004196167,10.517341613769531
1187,4.930000305175781,8.840527534484863
1188,4.600000381469727,8.478861808776855
1189,15.880000114440918,16.196584701538086
1190,23.110000610351562,19.211238861083984
1191,22.950000762939453,18.526405334472656
1192,23.33100128173828,20.511154174804688
1193,14.170000076293945,19.759492874145508
1194,23.33100128173828,19.85127067565918
1195,23.33100128173828,18.749061584472656
1196,23.33100128173828,18.12718391418457
1197,21.80000114440918,17.559452056884766
1198,17.079999923706055,15.296159744262695
1199,7.220000267028809,3.414489269256592
1200,3.7200000286102295,3.0935239791870117
1201,2.2200002670288086,2.647030830383301
1202,3.869999885559082,4.1083173751831055
1203,5.930000305175781,8.834586143493652
1204,18.880002975463867,11.006705284118652
1205,13.030000686645508,11.412577629089355
1206,5.020000457763672,4.654088973999023
1207,2.880000352859497,5.826822280883789
1208,2.9900002479553223,3.6735267639160156
1209,2.7400002479553223,4.3498406410217285
1210,3.7299997806549072,4.633420944213867
1211,6.580000877380371,5.681308746337891
1212,6.020000457763672,2.4836673736572266
1213,3.1700003147125244,4.408134937286377
1214,4.320000171661377,5.975309371948242
1215,7.3899993896484375,5.481531143188477
1216,3.2200002670288086,5.384263038635254
1217,13.630000114440918,4.540827751159668
1218,12.75,4.741786956787109
1219,10.779999732971191,7.987793922424316
1220,5.859999656677246,7.950403213500977
1221,4.430000305175781,6.545454025268555
1222,5.149999618530273,6.938523292541504
1223,4.569999694824219,9.2916898727417
1224,3.180000066757202,6.566415786743164
1225,2.7699999809265137,4.396388053894043
1226,1.909999966621399,5.157374382019043
1227,4.0,6.840456008911133
1228,3.569999933242798,5.805612564086914
1229,4.25,3.9570541381835938
1230,2.569999933242798,3.7223687171936035
1231,2.3600003719329834,3.011490821838379
1232,3.7299997806549072,2.7245962619781494
1233,2.9599997997283936,4.272026062011719
1234,2.4600002765655518,4.116044998168945
1235,3.569999933242798,4.172285079956055
1236,4.090000152587891,5.407037734985352
1237,7.350000381469727,4.955445289611816
1238,3.4100003242492676,3.308696985244751
1239,2.7699999809265137,4.131245136260986
1240,4.009999752044678,2.714582681655884
1241,3.6100001335144043,3.1827290058135986
1242,6.220000267028809,3.696413040161133
1243,2.2200002670288086,2.2882637977600098
1244,3.380000114440918,3.30548357963562
1245,3.3899998664855957,3.5640501976013184
1246,2.6100001335144043,3.320979356765747
1247,1.4399998188018799,5.264965057373047
1248,0.7199999690055847,3.5579683780670166
1249,3.9000000953674316,2.7243618965148926
1250,6.329999923706055,3.2318382263183594
1251,3.56000018119812,3.641963481903076
1252,3.5399997234344482,4.160540580749512
1253,3.9900002479553223,5.752552032470703
1254,3.569999933242798,6.212287902832031
1255,4.310000419616699,3.160160779953003
1256,4.40000057220459,3.4260873794555664
1257,8.290000915527344,6.026607513427734
1258,6.4900007247924805,12.716597557067871
1259,7.550000190734863,9.161699295043945
1260,6.4900007247924805,8.073942184448242
1261,2.2200002670288086,6.051366806030273
1262,2.7799997329711914,4.147783279418945
1263,3.8500001430511475,5.557446479797363
1264,11.770000457763672,11.206706047058105
1265,4.220000267028809,3.134335517883301
1266,3.759999990463257,3.4187498092651367
1267,3.9599997997283936,3.8229517936706543
1268,3.140000104904175,5.035755157470703
1269,4.380000114440918,5.492792129516602
1270,3.7200000286102295,5.69877815246582
1271,3.0999999046325684,3.5907812118530273
1272,4.220000267028809,3.50175142288208
1273,3.890000104904175,5.006528854370117
1274,5.840000152587891,4.702008247375488
1275,5.149999618530273,5.272581100463867
1276,2.1200003623962402,4.119989395141602
1277,2.819999933242798,2.7826287746429443
1278,2.380000114440918,3.4294352531433105
1279,2.6500003337860107,3.265923023223877
1280,6.170000076293945,3.366203546524048
1281,7.430000305175781,5.972055435180664
1282,5.199999809265137,6.062315940856934
1283,3.0199997425079346,3.0382585525512695
1284,3.4100003242492676,3.061936378479004
1285,2.1999998092651367,2.336857795715332
1286,2.0900001525878906,2.8085920810699463
1287,5.220000267028809,4.393967628479004
1288,4.9800004959106445,5.992895126342773
1289,7.710000991821289,6.811020851135254
1290,14.199999809265137,10.008604049682617
1291,12.619999885559082,5.796163558959961
1292,2.819999933242798,3.0309102535247803
1293,5.800000190734863,3.147829532623291
1294,2.500000476837158,3.753838062286377
1295,7.279999732971191,3.3500356674194336
1296,3.130000114440918,2.898282289505005
1297,5.119999885559082,5.150790214538574
1298,3.759999990463257,6.4148054122924805
1299,9.300000190734863,6.146492004394531
1300,8.660000801086426,5.804422378540039
1301,3.070000410079956,2.6907899379730225
1302,2.2800002098083496,2.3283286094665527
1303,2.0099997520446777,2.3047707080841064
1304,3.56000018119812,3.3881304264068604
1305,2.8500001430511475,2.984712839126587
1306,1.5600001811981201,2.647540330886841
1307,1.3899998664855957,1.7581300735473633
1308,2.1999998092651367,2.76766300201416
1309,2.6600000858306885,2.401862144470215
1310,2.9599997997283936,2.600889205932617
1311,1.9900001287460327,2.5591623783111572
1312,2.5199999809265137,2.489060878753662
1313,3.0999999046325684,2.819411277770996
1314,3.0900001525878906,2.6134588718414307
1315,3.180000066757202,2.707029104232788
1316,2.700000286102295,3.2538764476776123
1317,2.4600002765655518,3.386122465133667
1318,2.950000047683716,3.7903590202331543
1319,4.989999771118164,4.999960899353027
1320,7.789999961853027,10.621567726135254
1321,23.33100128173828,16.939672470092773
1322,20.64000129699707,12.179369926452637
1323,13.350000381469727,13.023720741271973
1324,4.679999351501465,3.9852795600891113
1325,3.9900002479553223,3.2386322021484375
1326,4.03000020980835,3.4812734127044678
1327,2.3999996185302734,3.2290616035461426
1328,1.8600000143051147,2.4273715019226074
1329,2.3499999046325684,3.143465042114258
1330,3.109999895095825,3.2265706062316895
1331,1.9199998378753662,2.10196590423584
1332,2.380000114440918,2.603584051132202
1333,2.2899999618530273,3.3038880825042725
1334,1.679999828338623,3.3668417930603027
1335,3.569999933242798,4.487672328948975
1336,5.260000228881836,5.024131774902344
1337,6.729999542236328,5.165613174438477
1338,3.180000066757202,4.03465461730957
1339,3.5199999809265137,4.412972450256348
1340,2.950000047683716,4.249199867248535
1341,7.399999618530273,6.661442756652832
1342,3.5500001907348633,6.189837455749512
1343,3.3399999141693115,5.524094581604004
1344,2.7100000381469727,5.926767349243164
1345,4.25,5.455615043640137
1346,7.369999885559082,8.410947799682617
1347,13.269999504089355,6.556764602661133
1348,7.920000076293945,6.843319892883301
1349,10.579999923706055,5.7379655838012695
1350,3.2799999713897705,3.023897409439087
1351,2.2099997997283936,3.510885715484619
1352,4.279999732971191,3.0456299781799316
1353,2.4499998092651367,3.8541295528411865
1354,1.7600001096725464,3.2261288166046143
1355,1.3899998664855957,2.397918224334717
1356,1.1800001859664917,1.9228639602661133
1357,3.43999981880188,3.8716959953308105
1358,1.510000228881836,2.7243895530700684
1359,3.500000238418579,4.702343940734863
1360,4.869999885559082,6.051822662353516
1361,2.8000001907348633,4.489713668823242
1362,4.470000267028809,6.87928581237793
1363,1.7699998617172241,3.2816152572631836
1364,5.569999694824219,5.111804008483887
1365,3.56000018119812,4.022585868835449
1366,2.510000228881836,2.761751890182495
1367,2.5799999237060547,3.2840256690979004
1368,2.310000419616699,2.436220407485962
1369,2.3600003719329834,2.805107355117798
1370,4.699999809265137,3.3119213581085205
1371,4.569999694824219,6.298761367797852
1372,5.130000114440918,5.591992378234863
1373,5.220000267028809,3.887145519256592
1374,5.4900007247924805,4.404472351074219
1375,4.199999809265137,2.860408306121826
1376,3.2799999713897705,4.355282306671143
1377,2.7699999809265137,5.8809967041015625
1378,2.9099998474121094,5.2745513916015625
1379,5.960000038146973,10.221492767333984
1380,8.609999656677246,13.285863876342773
1381,9.050000190734863,10.903352737426758
1382,2.7100000381469727,2.9596214294433594
1383,2.809999942779541,3.386728048324585
1384,3.2200002670288086,4.970823287963867
1385,3.450000286102295,7.6535797119140625
1386,2.7400002479553223,4.719058990478516
1387,5.590000152587891,10.53752613067627
1388,10.9399995803833,12.829629898071289
1389,3.4200000762939453,4.257683753967285
1390,2.3299999237060547,1.8558399677276611
1391,1.6699999570846558,3.208491802215576
1392,5.819999694824219,4.8914031982421875
1393,1.71999990940094,5.669121742248535
1394,4.199999809265137,7.834394454956055
1395,6.390000343322754,5.336556434631348
1396,2.7100000381469727,6.119593620300293
1397,3.759999990463257,6.962375640869141
1398,4.670000076293945,5.2543487548828125
1399,4.220000267028809,4.50407600402832
1400,3.56000018119812,3.7212793827056885
1401,5.690000534057617,4.668249130249023
1402,2.7100000381469727,3.8242597579956055
1403,5.329999923706055,8.859477043151855
1404,3.260000467300415,12.843111038208008
1405,6.050000190734863,13.108545303344727
1406,4.810000419616699,8.160186767578125
1407,9.199999809265137,10.147485733032227
1408,15.350000381469727,7.879495620727539
1409,13.84999942779541,11.67013931274414
1410,9.90999984741211,4.942145347595215
1411,4.199999809265137,6.723239898681641
1412,15.140000343322754,8.877823829650879
1413,9.039999961853027,5.358619689941406
1414,6.149999618530273,4.0376996994018555
1415,5.930000305175781,4.248814582824707
1416,1.6600000858306885,5.5255327224731445
1417,2.9000000953674316,8.780795097351074
1418,4.430000305175781,9.32016372680664
1419,7.2300004959106445,6.422938346862793
1420,6.189999580383301,11.124089241027832
1421,9.09999942779541,14.431879043579102
1422,11.24000072479248,13.411520004272461
1423,2.140000104904175,6.678702354431152
1424,2.0300002098083496,3.1497349739074707
1425,2.3999996185302734,3.618278741836548
1426,1.320000171661377,1.3346772193908691
1427,1.470000147819519,2.5846621990203857
1428,2.489999771118164,2.7275493144989014
1429,2.080000400543213,3.377760410308838
1430,2.8400001525878906,2.089355945587158
1431,4.670000076293945,1.2850394248962402
1432,1.9500000476837158,0.9771721363067627
1433,2.3899998664855957,1.4352540969848633
1434,3.109999895095825,5.004596710205078
1435,8.270000457763672,6.441169738769531
1436,6.989999771118164,4.702500343322754
1437,3.130000114440918,3.863309860229492
1438,5.7400007247924805,3.933438777923584
1439,6.319999694824219,3.6586151123046875
1440,4.920000076293945,4.147373199462891
1441,2.5799999237060547,3.339794635772705
1442,2.7400002479553223,3.8015432357788086
1443,2.3600003719329834,6.952417373657227
1444,11.34000015258789,5.76052188873291
1445,9.75999927520752,8.62303352355957
1446,8.270000457763672,6.968205451965332
1447,8.829999923706055,7.410540580749512
1448,5.840000152587891,9.34148120880127
